{
  "llamadas": {
    "MAE": 27.182103794248967,
    "RMSE": 53.3452334352918
  },
  "tmo": {
    "MAE": 36.23369852303525,
    "RMSE": 59.40034242982918
  }
}